image_id,caption_len,n_layers,residual_ratio,share_tail,head_tail_ratio,model_id,prompt_key,caption_ref
indoor_0,200,24,0.9316082000732422,0.36981266736984253,,HuggingFaceTB/SmolVLM-Instruct,caption_medium,"The image depicts a panoramic view of an interior space within what appears to be a modern train compartment. The scene is composed mainly of several passengers seated on various seating arrangements, suggesting it might be a commuter train or public transportation vehicle. 

The interior design features a light color palette with white walls and light wood accents, giving the space a clean and well-lit feel. A notable element is the large window at the center, which provides a clear view outside. The seats are arranged in a semi-circle format, providing enough space for each passenger while maintaining comfort. Each seat has adjustable armrests and back support features, common in modern trains.

There are multiple individuals seated throughout the compartment. Some of them are reading books or using electronic devices, indicating they might be travelers waiting for their stop or passengers already onboard. One person in particular is seen holding a cell phone, which indicates they might be taking pictures or video for documentation purposes.

On one side of the train"
indoor_1,165,24,0.8713765740394592,0.3854745924472809,,HuggingFaceTB/SmolVLM-Instruct,caption_medium,"The image depicts a person standing inside what appears to be a building. On their right, there is a map with various markings on it. The map has labels in different languages including Russian, English, Italian, and German. Some of the words can be identified as ""место"" (place), ""куда"" (where), ""производитель"" (producer), ""торговцы"" (traders), ""врачи"" (doctors), ""столбцы"" (columns), and more. In the background, there are two people facing each other, one holding what seems to be a camera and another wearing a jacket. They are reflected in the mirror below, adding an interesting element to the image."
indoor_10,200,24,0.902222752571106,0.19252701103687286,,HuggingFaceTB/SmolVLM-Instruct,caption_medium,"The image depicts a wide-angle interior view of an abandoned house. The perspective is taken through what appears to be a panoramic mirror or a fisheye lens due to the way the walls converge toward the center of the frame. This creates a distorted effect with wide gaps between the edges of the walls. 

The primary subjects are various areas within the room, showcasing different rooms and hallways. The left side shows part of the living room where there's a cushioned sectional sofa against one wall. The couch has several decorative items on it including pillows, blankets, and possibly some throw rugs or curtains. Next to this is another seating area or possibly a dining table area, as indicated by the presence of a rectangular object which might be a chair, although only a small portion is visible in the corner of the frame. 

On the right side, we see more of the living space but also notice part of another room. There seems to be an open doorway leading into this"
indoor_100,200,24,0.9462741017341614,0.4601326882839203,,HuggingFaceTB/SmolVLM-Instruct,caption_medium,"The image depicts a group of people sitting around a table at a restaurant or café. The room is well-lit, with large windows providing ample natural light. The tables are made of wood, with a polished surface that reflects the diners' faces and the surrounding environment. The chairs are upholstered in different colors, including blue and green.

There are several items on the table. In the foreground, there are two menus placed horizontally. One menu appears to have the word ""menu"" printed on it in large font, indicating it might belong to the establishment itself. There are also small glass cups filled with a beverage—possibly water or another drink—on the table. Two red plastic cups can be seen towards the back of the table as well.

The background shows part of the interior design of the dining area, including what seems like an adjacent booth with chairs and possibly decorations or artwork. A large, curved mirror gives a side view of the room, showing reflections"
indoor_101,177,24,0.9519736170768738,0.4094056785106659,,HuggingFaceTB/SmolVLM-Instruct,caption_medium,"The image shows a long shot of a wood shop, including several workers around various machines and tools. There are two large windows with lights on top. A large blue touch screen monitor stands in front of some shelves filled with wooden planks. A man is standing next to it and appears to be interacting with the monitor. Behind him, there are more shelves full of wooden planks and other materials, and another person can barely be seen behind these shelves. Several other people can also be partially seen around other machines or tools. The floor is made of concrete and has yellow striped caution tape along one side. On the right side of the room, there is an open doorway leading outside where a person seems to be walking away. The walls have white paint. In addition to the light fixtures and safety markings mentioned above, there are also pipes running down the wall in the back corner of the scene."
indoor_102,81,24,0.9233709573745728,0.322516530752182,,HuggingFaceTB/SmolVLM-Instruct,caption_medium,"The image is a fisheye lens view of an old building with a central door open, showing light coming through it. There are some people standing inside the building. One person is wearing a hoodie while another is holding what appears to be a camera or other object. On the floor are several sleeping bags and blankets on wooden benches, indicating this space could serve as a shelter or rest area."
indoor_103,143,24,0.9164775609970093,0.22689735889434814,,HuggingFaceTB/SmolVLM-Instruct,caption_medium,"The image is a 360-degree panoramic photograph of a room with various equipment and storage facilities. The room has a polished concrete floor, which reflects light well. There are several white cabinets along one wall with small cubbies on them. Some of these shelves contain boxes and other items, while others appear empty. Along another wall, there are black toolboxes on top of rolling racks. Next to this tool set is a table with two chairs, and there appears to be a blue mat beneath it. Several more tables and chairs are positioned around the room, as well as more tools and supplies. There are also monitors mounted to the walls near each corner, showing what appears to be a video feed."
indoor_104,200,24,0.9547978639602661,0.24571044743061066,,HuggingFaceTB/SmolVLM-Instruct,caption_medium,"The image is a 360-degree panorama of what appears to be an artist's studio. It features various sculptures made from clay, including a large skull sculpture in the center. The skull has its eyes missing and multiple cracks running across it. Next to it is a smaller figure with its head tilted downwards. There are several other figures and statues scattered around the room. A wooden table holds more figures, including another small statue and a human figure standing on top of it. 

The interior design of the room includes brick walls and wooden tables. Several windows can be seen along the sides of the room, providing natural light and allowing for outdoor scenery to enter the space. At the top left corner of the image, there are electrical wires hanging down towards the ceiling, suggesting some type of machinery or lighting equipment near the roof. 

In the foreground of the image, two people are present. One person is seated at a table while the other one stands nearby, both looking toward"
indoor_105,200,24,0.9691206812858582,0.34604716300964355,,HuggingFaceTB/SmolVLM-Instruct,caption_medium,"The image depicts a scene inside what appears to be an airport terminal or bus station. There are several people sitting on benches positioned around a central area where multiple individuals stand. These seated figures appear to be waiting for their next destination. 

One prominent individual stands prominently in the center of this gathering; they have a green shirt with ""MUELL"" written across the chest. The man has short hair and is wearing glasses. He seems to be looking at something or someone while standing. His attire includes gray pants and light-colored shoes.

In front of him, there's another person who holds up a map, indicating they might be seeking directions or planning their travel. This person has tattoos on their arms and wears a t-shirt with colorful patterns, including a Grateful Dead logo. They also wear a baseball cap and have luggage near them.

The background shows part of the interior architecture, which is modern and sleek. The ceiling is curved with wooden panels, and"
indoor_106,200,24,0.9308215975761414,0.3248257040977478,,HuggingFaceTB/SmolVLM-Instruct,caption_medium,"The image depicts an indoor space that appears to be an office or conference room with a modern design and contemporary furniture layout. The room is brightly lit by numerous recessed ceiling lights, which provide even illumination throughout the area. The floor is covered with dark carpeting, while the walls are adorned with large windows that offer ample natural light.

Central to the room is a series of tables arranged in a semi-circle around what looks like a large screen or projector. These tables feature white bases with orange chairs placed around them. Each table has a flat surface, suitable for collaborative work or presentations, and they appear to be designed for flexibility and ease of movement as part of the workspace setup. 

In the center of the room, there's a larger central table with additional seating around it. This central table also features a similar design to the smaller tables but is possibly more durable and likely intended for longer meetings or presentations. Surrounding this central table are several smaller tables with various colors, including some"
indoor_107,130,24,0.9523276090621948,0.3082328140735626,,HuggingFaceTB/SmolVLM-Instruct,caption_medium,"The image is a 360-degree view of a modern house. The walls are made of wood with warm yellow lighting, and there are many windows throughout the house. The ceiling appears curved upwards like an arch, which is typical for wooden houses. The living room has a large sofa with white pillows, and there is a coffee table in front of it. There is also a dining table set up with two chairs. In the kitchen area, there are several appliances on the countertops. There is a person standing near the dining table holding a wine glass, and another person is in the kitchen area looking at something in the distance."
indoor_108,114,24,0.9727991819381714,0.2501493990421295,,HuggingFaceTB/SmolVLM-Instruct,caption_medium,"The image is a 360-degree panorama taken inside a busy restaurant. The interior of the establishment is bright with numerous circular lights on the ceiling, red walls, colorful pictures, and various tables with chairs arranged around them. Several people are seated at the tables, some holding their phones and others holding drinks. A couple is sitting at one table, both smiling. One man next to him has his arm outstretched toward the woman's hand. There are two men standing behind the tables talking, but most of the focus is on the seated customers."
indoor_109,200,24,0.9694792032241821,0.48436570167541504,,HuggingFaceTB/SmolVLM-Instruct,caption_medium,"The image is a full frame 3D perspective of what appears to be an indoor gathering where several people are gathered around a table set with food and drinks. 

In the foreground, there is a group of seven young women and one young man who appear to be friends, as they are all smiling, posing, and embracing each other warmly. Each person is dressed casually but casually chic, suggesting this might be a social event rather than an official meeting. One woman is holding a knife and seems to be making a toast while others watch closely. A round white frosted cake sits on the middle table surrounded by candles, which seem to be lit. There is also a drink bottle and a smartphone visible among the items on the table. 

The background shows an open doorway leading into another room indicated by a yellow wall. Further back in the scene, there are more people standing behind the first group, although their faces aren’t clearly visible due to how the picture has been angled."
indoor_11,200,24,0.9603164792060852,0.393129825592041,,HuggingFaceTB/SmolVLM-Instruct,caption_medium,"The image is a wide shot of an interior space. There are two distinct areas shown side by side. On the left, there is a bathroom area with yellow and blue circular patterns on the walls. The floor has debris scattered across it, including pieces of plastic bags and other trash. Next to this area is a doorway leading into another room. Inside this room, we see a person lying down with a flashlight shining brightly and they have their head turned away from the camera. Their legs are hanging out of view. This individual appears to be alone in the scene.

On the right side of the image, we can observe what seems like part of the same hallway where the bathroom was. This section shows a red carpeted floor with the wall behind it painted in various shades of light green. A few more doors and archways are visible here as well, suggesting a complex layout within the building. 

There are no obvious signs of human activity except for the one person lying down near"
indoor_110,98,24,0.9609208703041077,0.3815857768058777,,HuggingFaceTB/SmolVLM-Instruct,caption_medium,"The image is a 360-degree panoramic view of a dormitory room. In this room there are two beds, desks, storage units, various other furniture items, and some decorations. There are also various photos and other knickknacks on display as well as two small windows at the end of the room. The floor is made up of dark wood and the ceiling is white with textured panels. The lighting is bright. The style of the room is modern and functional."
indoor_111,91,24,0.9231230616569519,0.22006535530090332,,HuggingFaceTB/SmolVLM-Instruct,caption_medium,"The image is a 360-degree panoramic view of an indoor restaurant bar area filled with people sitting at tables and eating and drinking. There are several waiters and waitresses walking around, serving drinks and food, as well as kitchen staff. On the left side of the image, there is a cooler containing bottles of wine and liquor. One person can be seen on the right hand side of the image holding what appears to be a phone."
indoor_112,200,24,0.9737859964370728,0.4977460205554962,,HuggingFaceTB/SmolVLM-Instruct,caption_medium,"The image shows an indoor area with a curved wooden floor. On the left side of the image, there is a group of people sitting on chairs, while a few are standing. There is a large screen behind them, which seems to display an advertisement for something called ""Mildura Dakar 2018."" Next to it, there is another screen displaying the text, possibly instructions or guidelines. At the top of the room, there is a white ceiling with multiple square lights mounted on it. In front of the people seated on chairs, there is a long table with some items placed on it, including a laptop. Behind the seated audience, there are more chairs, suggesting this may be part of a conference or meeting venue. To the right side of the image, there is a black leather couch where a person is lying down, seemingly sleeping or resting. Next to him, there is a small table with what appears to be gaming controllers on it. In the foreground, there"
indoor_113,200,24,0.9640289545059204,0.4631240665912628,,HuggingFaceTB/SmolVLM-Instruct,caption_medium,"The image is a full-frame photograph taken inside a modern cafe with large windows featuring stained glass. The interior design includes light, airy walls and wooden furniture, which gives it an inviting atmosphere. 

There are two people at the table seated opposite each other; one of them is a man wearing a blue shirt who appears to be drinking from a cup while pointing his right thumb upwards as if indicating he likes something. The other person, partially obscured by the coffee cup, is also a woman with short black hair who has her hands holding some food items on the plate. She is looking directly into the camera. The plates include a salad with various vegetables, which suggests they might be sharing a meal. 

The dining table features several ornate silver serving dishes, including tea pots, cups, spoons, and other utensils. The centerpiece consists of a vertical teapot with a silver lid and kettle, indicating they are likely ready for tea service. On top of the table, there"
indoor_114,200,24,0.9808939695358276,0.4619196653366089,,HuggingFaceTB/SmolVLM-Instruct,caption_medium,"The provided facts allow for a detailed description of the image, which can then be broken down into individual components to generate questions and answers.

**Image Description:**
The given image is an interior view of two dormitory rooms. Both rooms are shown side by side, each featuring multiple beds with various bedding types and styles, desks, chairs, storage items, and other small pieces of furniture. The walls are painted white, and there are posters on one wall. One of the room's windows has a radiator beneath it, while the other appears to have curtains tied back. There are doors leading out of the dorms.

**Room 1 (Left):**
- Two twin beds with floral and polka dot bedding.
- Desk with books, papers, and a laptop.
- Bedside tables with lamps, headphones, and other items.
- Clutter around the beds including blankets, pillows, and a pink stuffed animal.
- A colorful rug patterned with"
indoor_115,162,24,0.9835234880447388,0.4223560392856598,,HuggingFaceTB/SmolVLM-Instruct,caption_medium,"The image shows a panoramic view of a college dorm room, featuring two twin beds, each with colorful bedding, arranged symmetrically facing one another. Each bed is elevated on a platform and is adorned with decorative pillows and cushions. There are several pieces of furniture including desks, chairs, a small table, and storage cabinets. The room has white walls and a wood floor, covered by a purple carpet in front of both beds and near the desks. Several decorative items such as bookshelves, posters, and knick-knacks decorate the walls, while other items like a backpack, laundry basket, and a pink backpack hang from hooks. A black TV set and a mini fridge can also be seen in the room. There are windows on both sides of the room, providing natural light and ventilation."
indoor_116,198,24,0.9797253608703613,0.3236862123012543,,HuggingFaceTB/SmolVLM-Instruct,caption_medium,"The image is a high-resolution 360-degree panorama taken inside a ballet studio with white walls and hardwood floors. There are several young women dressed in identical white leotards and pink tutus, practicing ballet moves on a curved wooden dance floor. Each dancer has her arms raised above her head and is mid-jump, capturing various moments of their movements. They appear to be wearing ballet slippers, as suggested by the clear footwear against the polished wooden surface. 

The room features large mirrors lined along both sides of the central dance area, reflecting the dancers' images multiple times. In one corner of the room, there is a small barre attached to the wall, used for ballet exercises. A few people can be seen standing around outside the mirrors, observing the dancers. One person even appears to be adjusting the lighting in the room. The ceiling is decorated with elegant arches and has an off-white color, providing a light and airy ambiance."
indoor_117,200,24,0.9656208753585815,0.37785273790359497,,HuggingFaceTB/SmolVLM-Instruct,caption_medium,"The image displays a wide-angle panoramic view of an indoor store with several outdoor riding mowers arranged in neat rows inside the showroom space. The entrance is at the back of the store on the left side. There are multiple riding lawnmowers of different colors such as black, red, green, blue, and yellow parked together towards the front of the store. These riding lawnmowers have various models, sizes, and features. One lawnmower has a small red sticker on its right rear corner while another one has a larger red sticker on its left rear corner. All the lawnmowers have their wheels in place and look well maintained. 

To the extreme right side of the image there is what appears to be a service garage door. On the far end of the parking area where the lawnmowers are parked, there is a sign that says ""toro"" on it. This sign is likely part of branding for this company which may sell these lawnmowers. The"
indoor_118,200,24,0.9865859746932983,0.45876720547676086,,HuggingFaceTB/SmolVLM-Instruct,caption_medium,"The image displays a wide-angle view of a dorm room, capturing the entire space from front to back. The dorm room is characterized by its modern design with white walls and green floors. There are several notable features within the room. 

In the foreground on the left side, there is a pink area rug placed in the center of the room. This rug seems to occupy most of the floor space, adding a vibrant touch to the otherwise plain color scheme. Two pairs of brown slippers are partially visible, suggesting someone may have been recently using them. Next to the rug, near the wall, is a wooden bedside table with a white lamp positioned atop it, casting a soft glow onto the adjacent surfaces.

The middle ground reveals two large windows covered with white curtains. To the right, outside of the window, sunlight illuminates the outdoor scene through the transparent glass panes. There is a wooden desk placed beneath one of these windows, along with an ergonomic chair situated next to it"
indoor_119,63,24,0.9476737976074219,0.23893237113952637,,HuggingFaceTB/SmolVLM-Instruct,caption_medium,"The room is furnished with a bed, which has floral sheets on it, and a few pieces of furniture including two desks and an open closet containing several hangers for clothes. The walls are plain white painted brick. There is a window to the left side of the bed, which has a light coming through it."
indoor_12,200,24,0.9606314301490784,0.28484201431274414,,HuggingFaceTB/SmolVLM-Instruct,caption_medium,"The image depicts a partial view of an inner room with green walls. In the foreground, there are two individuals engaged in an activity possibly involving mobile technology or perhaps interacting with something placed on the floor. Both individuals are dressed casually with winter gear, one wearing a dark coat while the other is in black. They seem to be standing near a doorway, which includes a small window with frosted glass. Outside this window, the scene is blurred but suggests a snowy environment with bare trees against the skyline.

To the right side of the door, there's a piece of plywood set up as a table or display, though it appears somewhat damaged or aged, showing signs of wear and tear. There is also a board displaying a cartoon face, which may symbolize some kind of decoration or message, although its exact significance is unclear without additional context.

In the background, there’s a staircase leading upstairs, visible through another door. This adds depth to the perspective, indicating that this"
indoor_120,200,24,0.9481004476547241,0.36256319284439087,,HuggingFaceTB/SmolVLM-Instruct,caption_medium,"The image is a 360-degree panoramic view of what appears to be a large living room with neutral tones such as white walls and beige furnishings. The room has multiple seating areas, including couches, armchairs, and ottomans with patterned fabric on some surfaces and a beige textured rug with green accents on the floor in front of them. There are also several potted plants placed around the room. The focal point of the room is a decorated Christmas tree situated near the back wall behind a fireplace. The tree is adorned with multi-colored lights and various ornaments. Behind the tree are two matching Christmas trees in tall pots with bright red leaves. A small Christmas village sits atop one of the mantel pieces above the fireplace, adding an additional festive touch to the decor. The room has high ceilings with arched designs at the intersection of the vaulted structure. There is a set of glass doors leading out to possibly a balcony or another area of the house. The overall"
indoor_121,82,24,0.910897970199585,0.5421215295791626,,HuggingFaceTB/SmolVLM-Instruct,caption_medium,"The image shows an unorganized bedroom with boxes of various sizes stacked high on one side of the room. A large window with white frames is present on another part of the room. There are several bags scattered around the room, a chair next to the bed, a backpack at the bottom center, a TV on top of a small white shelf, books placed on shelves, and many other items strewn about."
indoor_122,134,24,0.9292539358139038,0.25452160835266113,,HuggingFaceTB/SmolVLM-Instruct,caption_medium,"The image shows a 360-degree view of an industrial building with a wooden interior ceiling and concrete floor. A large swimming pool is suspended by the center of the room. The pool has water but no people or other items in it. The pool is surrounded by various materials and equipment including boxes, chairs, tables, tools, and trash bags. There are also several empty cabinets and shelves along the walls, some of which have doors open revealing more storage space underneath them. There are many windows and doorways on all sides of the building, although they appear to be closed or locked. The area appears unused and appears to be abandoned or unkempt."
indoor_123,200,24,0.8862313628196716,0.1597260981798172,,HuggingFaceTB/SmolVLM-Instruct,caption_medium,"This is a 360-degree view of what appears to be an empty kitchen/laboratory space. The space has white walls and light grey flooring which is speckled with black flecks here and there. The room is lit by natural sunlight coming through two large windows on one side of the photo. There are several tables and chairs arranged throughout the space. In the center of the room is a large white fridge which appears to be quite modern, as it is very tall compared to other appliances. To the left of the fridge is a sink and some stainless steel countertops, and next to them is another long table set up with various supplies and tools. On the far end of this area near the right of the picture, there is a worktable with a metal top where a person is working on something. A garbage can sits at the back corner of the room to the left, and a few more trash bins are placed along the wall just beyond it. At the bottom right corner"
indoor_124,200,24,0.9881247878074646,0.4857620298862457,,HuggingFaceTB/SmolVLM-Instruct,caption_medium,"The image is a fisheye photograph of a woman standing on a spiral staircase. The woman has blonde hair and is wearing a turquoise tank top with black jeans. She is looking at the camera with a serious expression. Her pose indicates she might be looking down towards something or someone. 

The staircase extends downward, creating an impression that it curves outwards. The metal railing of the stairs is silver. A door near the upper right corner of the image reveals another set of stairs leading up from there, suggesting that there are multiple levels in this building. 

Above her head, in the center of the fisheye lens, a bright light shines through a window. This gives the scene a dramatic lighting effect that creates shadows around the edges of the picture. There are no other people on the stairs. Instead, there are reflections on the floor and walls of several other people, possibly the photographer and their assistants, all positioned differently, giving an impression of depth within the frame"
indoor_125,200,24,0.9647114276885986,0.4554048776626587,,HuggingFaceTB/SmolVLM-Instruct,caption_medium,"The image depicts a well-furnished bathroom with a modern design. The room is spacious and appears to be recently renovated with polished, light brown tiles covering the floor and walls. The ceiling is curved and has an elegant light fixture positioned centrally. There are several recessed lights along the ceiling, providing ample lighting for the area.

The entrance to the bathroom features two doors; one leading into the stall (marked with a large white cabinet) and another door (with an off-white finish), which opens outward onto a tiled countertop. The interior of the stall reveals a vanity with a high, rectangular sink mounted on top of a gray marble slab. This vanity also includes small drawers and cabinets below the sink. A ceramic soap dispenser sits to the right of the faucet.

Above the sink, there is a framed mirror with a dark frame. In front of the mirror, there are two light fixtures mounted on the wall. These lights are cylindrical and have frost"
indoor_126,200,24,0.9133297801017761,0.3919277787208557,,HuggingFaceTB/SmolVLM-Instruct,caption_medium,"The image depicts a music performance taking place in what appears to be a covered outdoor area. The area is decorated with colorful banners and flags. There are several rows of chairs arranged for audience seating, which suggests that this event may be some kind of community gathering or festival.

The musicians on stage include one who is playing an acoustic guitar and another who is singing. Both appear to be well-versed in their respective instruments. Their attire consists of casual clothing suitable for such events—the guitarist wears a dark shirt and jeans while the singer sports a light top and pants.

The equipment setup includes microphones placed around the stage, suggesting live sound amplification. Behind them is a piano keyboard, indicating they might play both vocal and musical instrument parts. There are also speakers set up along the sides, providing backup audio if necessary. 

In front of the musicians, there is an empty chair where someone seems to be sitting, possibly waiting for their turn at the microphone or as part of the"
indoor_127,122,24,0.9194414615631104,0.4791886508464813,,HuggingFaceTB/SmolVLM-Instruct,caption_medium,"The image is a high-angle panoramic view of a busy marketplace with multiple shops. The market appears to be an antique shop filled with various wooden artifacts and decorative items hanging on the walls, including sculptures, furniture, tools, and rope. The ceiling features ornate metal beams and large, colorful decorations such as pendants, pulleys, ropes, and other nautical items. There are people inside the shop, engaged in various activities such as working on crafts or browsing through merchandise. The concrete floor has a green tarp laid out, and there are several tables and chairs scattered around for seating customers or displaying products."
indoor_128,200,24,0.9732369780540466,0.269837349653244,,HuggingFaceTB/SmolVLM-Instruct,caption_medium,"The image depicts a full-view 360° panoramic view of a house hallway with both doors open, revealing an adjacent room. The walls are painted in a light brown color with textured surfaces, giving them a warm and inviting appearance. 

The floor is tiled with large square tiles in shades of tan and brown, providing a neutral yet stylish look. There is a doorway on the left side of the image leading into another part of the house. The door is white, modern looking, and has multiple panels for added security. On the right side of the image, there’s another closed white door, and a dark room can be seen behind it, which suggests a dining area or kitchen.

In this corner, a wall lamp casts a soft glow that complements the natural lighting provided by sunlight filtering through the ceiling lights. A ceramic sink sits inside a small bathroom, which also features more recessed lighting along its ledge. Above the sink, there's a decorative"
indoor_129,157,24,0.9540148973464966,0.26714932918548584,,HuggingFaceTB/SmolVLM-Instruct,caption_medium,"The image is a full-length fisheye view of the interior of a modern hotel lobby. The space appears spacious with high ceilings supported by curved columns that match the curve of the floor's design. The walls are covered with marble tiles and feature intricate patterns, while the carpeted floors have a striking floral pattern in shades of brown and blue. Several chandeliers hang from the ceiling, providing ample lighting. There is also an empty elevator on the left side and several seating areas with armchairs placed strategically for comfort and conversation. 

The architecture showcases a blend of classic elegance with contemporary design elements. The use of marble and floral carpeting gives a luxurious yet inviting feel to the space. The large windows let in natural light, enhancing the atmosphere of openness and brightness."
indoor_13,153,24,0.9064503908157349,0.3051588535308838,,HuggingFaceTB/SmolVLM-Instruct,caption_medium,"This is a fisheye photo taken from the corner of a large conference room. The walls are dark gray with glass doors on the left side, where many people stand watching the person at the head of the conference table who is looking down at his phone. In front of him, there are two long pizza boxes and several smaller ones spread out on the tables in front of other seated attendees, some holding small electronic devices and others checking their phones. Several chairs sit empty around the sides of the room with one or two people resting back in them. On the right side of the room are more empty chairs. At the rear of the room on the right wall is an illuminated screen mounted on the wall. There are lights along the ceiling which are very bright."
indoor_130,200,24,0.9351133704185486,0.4253982603549957,,HuggingFaceTB/SmolVLM-Instruct,caption_medium,"The image shows a 360-degree panorama of a museum hangar filled with vintage airplanes. In this photo, there are two military airplanes in different models, each suspended by ropes at one end of the open hangar space. One airplane is an older model with a long, thin fuselage and propellers mounted on its wings; it appears to be from World War II or earlier due to its design features such as the round windows along the side and the small propeller blades, which are typical of aircraft from those times. This plane is predominantly gray with some red accents and has numbers painted on its nose, although I can't tell what they mean. The second airplane is smaller in size and more modern looking, featuring a sleek, streamlined design with a single large vertical fin towards the rear and a canopy top instead of a cockpit opening like on the first plane. It also has a prominent red stripe running horizontally across the front of its fuselage and a white number ""827"" on"
indoor_131,33,24,0.6873803734779358,0.37341734766960144,,HuggingFaceTB/SmolVLM-Instruct,caption_medium,"A fisheye photograph taken at a crowded tourist attraction shows people holding up their phones, showing an interest in taking pictures of the building in front of them."
indoor_132,200,24,0.9514782428741455,0.41033998131752014,,HuggingFaceTB/SmolVLM-Instruct,caption_medium,"The image is a fisheye view of the interior of a building. There are several people standing around a counter in what appears to be an event space. Some individuals have their backs to the camera while others are facing it. One man is seen wearing a green jacket and blue jeans. Two other men stand beside him; one has his back turned towards the camera as well, and another faces him with a serious look on his face. 

Several items can be observed on the countertop, including bottles, cups, and various small containers. A large silver pot and some smaller containers are visible near these. A sign on the left side reads ""Cashier"" in black text against a white background, indicating that there's likely a cash register near this location. Various pamphlets and signs are posted throughout the area, which suggests a communal or informational nature of the event space. The floor is wooden, giving it a rustic appearance, while the ceiling is plain white without any noticeable features."
indoor_133,200,24,0.9142534136772156,0.26072704792022705,,HuggingFaceTB/SmolVLM-Instruct,caption_medium,"The image depicts a room with an ornate structure containing a large, three-dimensional statue of Buddha seated on a lotus pedestal. The statue is made of what appears to be stone or another solid material, and it has a serene expression on its face with eyes closed and hands resting gently on its knees. The head of the statue extends upward slightly, adding height and grandeur to the overall composition. 

The room where the statue sits is relatively large and spacious, featuring a high ceiling supported by arched wooden beams. The walls are painted in neutral colors, allowing light to flood through numerous windows positioned symmetrically around the statue. These windows provide ample natural light, enhancing the ambiance within the space. There's also an archway opening leading to another part of the room adorned with additional pieces of art and furniture.

On either side of the statue, there are two smaller statues, possibly depicting other figures or symbols associated with Buddhist iconography. These smaller statues have similar facial expressions to the"
indoor_134,200,24,0.9111424088478088,0.2145434468984604,,HuggingFaceTB/SmolVLM-Instruct,caption_medium,"The image is a 360-degree panorama of a large indoor area likely used for an event or festival. Here's a detailed description:

**Main Elements:**
- **Stage Area:** There is a stage at one end of the room. On it are four performers or musicians who seem to be performing some kind of show or act, as they are dressed casually but have musical instruments and appear to be playing them.
- **Festival Set Up:** Surrounding the stage, there’s an elaborate setup with multiple wooden benches facing the stage arranged in rows like concert seating. 

**Surroundings:**
- **Catering Station:** This seems to be a food area where several people can be seen eating. Some people are seated on the benches while others are standing. There are also picnic blankets spread out under the trees.
- **Attire:** Many attendees are wearing casual summer clothes, indicating a warm weather event, which could be a music"
indoor_135,200,24,0.9273276329040527,0.1979789286851883,,HuggingFaceTB/SmolVLM-Instruct,caption_medium,"The image is a wide fisheye shot of a room inside an establishment with people in it. The room has archways leading into other parts of the building. There are several people in various positions around the room. One man stands near the left edge of the frame, looking towards the camera with his arms hanging by his side. Another person sits on a chair across from him in the middle of the room. The middle-aged man sitting down appears relaxed, wearing a shirt with black pants. A woman in a dark top and white skirt faces the camera while seated next to another person who is only partially visible. This individual seems to be talking animatedly to someone off-camera. To the right of these individuals, there is a group of people gathered together in front of what looks like a counter or table. Some individuals are seated at tables with food items on them. There are also several empty chairs scattered throughout the room. In one corner of the room, two men are standing beside"
indoor_136,200,24,0.9333627820014954,0.2439717948436737,,HuggingFaceTB/SmolVLM-Instruct,caption_medium,"The image is a 360-degree panorama of a modern room with high ceilings, multiple windows, and an eclectic mix of furniture and decorations. The room appears spacious and well-lit, featuring a large open seating area. There are several people in the scene, including two men seated on chairs facing each other. A woman stands near them, engaged in conversation with one of the men. There is also another person who appears to be walking towards the camera. 

The room includes multiple tables and chairs, all of which have decorative items on them. These include vases of flowers, books, and what appear to be framed photographs. The walls feature various posters, which seem to be art pieces, along with sconces hanging at eye level. In addition, there is a coffee table covered with clutter. Several light fixtures hang from the ceiling, providing ample lighting for indoor use.

In the background, we can observe more furniture, including a couch and additional dining tables"
indoor_137,200,24,0.9332567453384399,0.25302401185035706,,HuggingFaceTB/SmolVLM-Instruct,caption_medium,"The image displays a lively scene inside what appears to be a bar or cafe establishment with several people seated at two rows of stools facing each other. The space is well-lit with spotlights directed at different areas of the room, which creates an inviting atmosphere for socializing.

The central focus is on four individuals who are positioned in front of the camera, all appearing to be engaged in conversation, with one sitting on a stool while others stand around him. The man standing directly in front has his hand pressed against the wall behind him, emphasizing a moment of interaction. His expression suggests he might be trying to convey something important or amused. Another person next to him is leaning slightly towards him, possibly listening intently to their conversation. This posture indicates attentiveness.

In contrast, another person stands at the back, looking over the shoulder of someone seated near the center. They appear to have their eyes focused on something across the room or engaged in animated discussion. To the left side of"
indoor_138,89,24,0.960981011390686,0.38225996494293213,,HuggingFaceTB/SmolVLM-Instruct,caption_medium,"The image is a panoramic view of a modern building interior. The large open space features glass windows overlooking an aircraft hangar with an airplane parked inside. There are several people walking along the walkway in front of the windows and on the landing below them. The ceiling has a curved shape with many industrial metal beams and light fixtures hanging down. In one corner of the photo there's an exit sign which reads ""EXIT"" in red letters."
indoor_139,73,24,0.9481106400489807,0.43363311886787415,,HuggingFaceTB/SmolVLM-Instruct,caption_medium,"The image shows a conference room with multiple tables and chairs arranged in a U-shape. The walls are paneled with wood, and there is a purple accent on the ceiling. The floor has a beige carpet with geometric patterns. There are several water bottles placed on the tables. The projector screen displays ""Seven Eleven"" at the top of the image."
indoor_14,101,24,0.9586637020111084,0.36839255690574646,,HuggingFaceTB/SmolVLM-Instruct,caption_medium,"The image is a fisheye view of an unfinished hallway. A person with their back facing the camera is lying on the floor, while another person stands at the end of the hallway. The walls are lined with large curved windows with blue frames. At the far end of the hall is a door with a red ""NO"" sign above it. There are pipes running along the ceiling, which is made of white panels. The ground appears to be made of concrete or a similar material."
indoor_140,98,24,0.9471333026885986,0.37127619981765747,,HuggingFaceTB/SmolVLM-Instruct,caption_medium,"The image is a 360-degree view of a supermarket aisle filled with various beverages. On one side, there are several green and clear plastic bottles of soda, including one large bottle of Gatorade and another of Diet Coke. On the other side, there is a wide array of bottled water, both still and sparkling, some of which are sealed in foil packages while others have small plastic covers. There is also a large green bottle of 7UP on this side."
indoor_141,67,24,0.8571385741233826,0.21077869832515717,,HuggingFaceTB/SmolVLM-Instruct,caption_medium,"A banana display is set up inside a grocery store. The bananas are arranged on fake grass with a sign behind them that says “Bananen 1,99” (bananas 1.99). Behind the bananas is a section of the store’s meat department which includes a large pineapple displayed on one end."
indoor_142,200,24,0.9583056569099426,0.24811409413814545,,HuggingFaceTB/SmolVLM-Instruct,caption_medium,"The image is a 360-degree view of a storeroom filled with various products. The main focal point is the center of the storeroom, which features a large display of bottles of a particular type of alcohol, including several red wine bottles and at least two green wine bottles. These bottles are arranged on a blue cardboard standup display. The standup display is designed to show both front and side views of each bottle clearly, making it easy for customers to see the product details. The color scheme of the display consists primarily of gold and dark browns, which contrast well against the blue background. 

The display also includes labels indicating the brand name and some additional text, but the exact branding details cannot be discerned due to the angle and lighting conditions in the photo. There are other shelves lining the walls behind the central display, containing an array of different types of alcoholic beverages, such as spirits, beers, and wines. Additionally, there are tall metal racks near the back"
indoor_143,98,24,0.9532644152641296,0.3298892378807068,,HuggingFaceTB/SmolVLM-Instruct,caption_medium,"The image shows a view of an indoor basketball game with players on the court. There is a large crowd sitting in the stands surrounding the court area. The team colors are yellow and red. On one end of the court, two referees can be seen; one of them has a whistle around his neck. Some players have their hands resting at their sides while others are holding basketballs. At least four people are seated next to each other on the floor near the edge of the playing surface."
indoor_144,200,24,0.944179117679596,0.2849126160144806,,HuggingFaceTB/SmolVLM-Instruct,caption_medium,"The image is a full-length photograph of people sitting around a table. The scene takes place in a small cafe with several chairs and tables, which are lit by soft lighting from the ceiling lights. The walls are painted yellow and decorated with some pictures. There is also a decorative item on the table. 

There are seven people seated at the table. A man is positioned at the left side of the frame, wearing glasses and holding his chin as he speaks. He has short brown hair and looks directly at the camera. Next to him is another man who is slightly turned away from the camera, but we can see part of his profile. He wears dark clothing. 

In front of them, there is a woman wearing a grey sweater and black jeans, who appears to have long curly brown hair. She is resting her head on her hand and looking into the distance. Next to her sits a young person, with their back facing us, wearing a red shirt and blue jacket"
indoor_145,200,24,0.9788207411766052,0.25799229741096497,,HuggingFaceTB/SmolVLM-Instruct,caption_medium,"The image is a 360-degree panorama of a dressing room with multiple individuals present, likely preparing for an event or performance. The room has several large mirrors, chairs, and storage cabinets lining its walls. The predominant color scheme includes white and black clothing, indicating it may be used by performers or actors. 

The person sitting on the chair in the foreground appears to be waiting for their turn as indicated by his relaxed posture and demeanor. A small table nearby displays various items, including some personal belongings such as a water bottle and perhaps a phone. The room is lit with artificial lighting. There are also personal grooming products like hair ties visible.

Behind this seated individual, there are two other people standing at different spots in front of their respective mirrors. One is standing near a tall cabinet, while the other is closer to the middle of the image, both facing away from the camera but towards the central part of the room where more individuals are gathered around the vanity area"
indoor_146,200,24,0.9758892059326172,0.4389166235923767,,HuggingFaceTB/SmolVLM-Instruct,caption_medium,"The image depicts a conference room with a large rectangular table at the center of the space. The table is oriented towards the back wall where there are two doors which appear closed. The walls have wood paneling, and there is a curved ceiling with recessed lighting along the edges of the panels. The floor is carpeted, and there are several rows of black chairs arranged around the table. These chairs are modern, with sleek design elements. 

On the table, there is an arrangement of items including water bottles (presumably for refreshment), pens, and what appears to be some papers placed on top of note pads. One paper has ""W"" printed near its bottom edge in pink text. There are also small glass containers holding other items, possibly additional water bottles or cups. The table is decorated neatly with placemats, napkins folded into squares, and all of this organized uniformly. The chairs are empty, suggesting that either no one is attending the meeting currently or it's time"
indoor_147,200,24,0.9602397680282593,0.3553115129470825,,HuggingFaceTB/SmolVLM-Instruct,caption_medium,"The image depicts a social gathering of individuals in what appears to be a living room with a dining table set up at the center. The space is decorated with various items including multiple colorful patterned tablecloths, which are placed on top of wooden surfaces. Several chairs surround the dining area, with some occupants seated and others standing around the edge of the room. 

The focal point of the image is the central dining table, covered by a large multi-colored tablecloth with patterns ranging from red, green, yellow, blue, and pink. On top of it rests a large clear wine glass filled with liquid, possibly water, alongside smaller glasses containing amber-colored beverages. Near the left side of the table lies a white bowl containing soup, accompanied by two forks and what may be a serving spoon. Another glass sits in front of the bowl.

Surrounding the table are several people engaged in conversation, some seated on couches while others stand near the edges of the room. There"
indoor_148,108,24,0.9147209525108337,0.2438775897026062,,HuggingFaceTB/SmolVLM-Instruct,caption_medium,"The image is a high definition panoramic photograph taken indoors of seven people sitting at a table which appears cluttered with food items. The people are seated around a round dining room table which has two red placemats on it. Plates, cups, cutlery, and snacks are scattered across the table, including what appear to be pancakes, muffins, cookies, fruit, and sandwiches. The background shows part of a living room with white walls and decorations, as well as some furniture including an armchair and sofa settee."
indoor_149,200,24,0.8952831625938416,0.35059529542922974,,HuggingFaceTB/SmolVLM-Instruct,caption_medium,"The image depicts a large indoor market with various stalls selling different goods. The market is spacious and well-lit, with concrete floors and an elevated ceiling. The interior of the market features several different types of vendors selling produce, food items, cosmetics, and other household products. 

On the left side of the image, there are several rows of fresh fruits and vegetables on display. The shelves are arranged neatly, making it easy for shoppers to browse and pick their desired items. The fresh produce includes apples, oranges, bananas, peppers, onions, and various spices, as indicated by colorful tags. There is also some meat, fish, and seafood visible near the top of the image. Some of the seafood might be preserved and packaged for sale.

To the right of the produce, there are several cosmetic and beauty product stalls. These include bottles, jars, boxes, and bags containing various skincare products, makeup, hair care items, perfumes, and personal care essentials. The products are"
indoor_15,200,24,0.9548099040985107,0.2289356142282486,,HuggingFaceTB/SmolVLM-Instruct,caption_medium,"The image depicts a high angle view of an indoor space with glass walls on all sides, offering a panoramic view of the surroundings. The perspective is looking down an escalator, which is partially obscured by a hand pointing toward the center of the frame. The hand appears to belong to an adult human, possibly a man or woman, but only part of their arm and fingers are visible.

The glass wall reveals a busy urban environment outside. To the left side of the escalator, there's an area with buildings, roads, tracks, and possibly construction sites. The sky is cloudy, indicating it might be a gloomy day, although the weather details cannot be confirmed without additional context.

The escalator itself is long, narrow, and metallic with a slightly curved surface. It’s made up of black rubber treads and grey metal sides, and it seems well-maintained with no visible wear or debris. There are also several railings along the edge of the escalator,"
indoor_150,111,24,0.9451744556427002,0.3155573606491089,,HuggingFaceTB/SmolVLM-Instruct,caption_medium,"The image is a 360-degree panoramic view of a tent inside of which there are several camping items. Inside the tent, there is a table with two chairs near it. On the table, there is a small water bottle. There are also sleeping bags and bags on the ground. There is a person standing in the center of the tent holding onto a pole. There is a light coming in through the entrance of the tent. At the bottom of the image, there is a dark area where the ground is covered in leaves and twigs."
indoor_151,157,24,0.9671825170516968,0.33148643374443054,,HuggingFaceTB/SmolVLM-Instruct,caption_medium,"The image depicts a conference room with chairs arranged neatly on a patterned purple carpet. The chairs are all black and have a modern design, featuring a sleek and simple structure with a curved backrest and silver armrests. They appear comfortable and well-maintained. The walls of the room are paneled with wood, giving it a warm and inviting atmosphere. The ceiling is decorated with recessed lighting, which adds to the modern aesthetic of the room. There is also a projector screen mounted in the middle of the room, providing a large display area for presentations. The carpet has a geometric pattern in shades of dark and light purple, creating a visually appealing floor. The room appears spacious and organized, indicating it might be used for professional events such as meetings, seminars, or conferences."
indoor_152,123,24,0.9169092774391174,0.3805204927921295,,HuggingFaceTB/SmolVLM-Instruct,caption_medium,"The image is a full view of an auditorium with musical instruments on stage. On the left side, there are two large speakers and some music stands. In front of them, there are drums, cymbals, microphones, and other equipment. On the right side, there is a similar setup with multiple drums and other percussion instruments. There is also a man standing near the speaker on this side. On the bottom left corner, there are some cables lying on the floor. At the top of the image, there is a lighting fixture above the stage area. There are also curtains covering the back wall."
indoor_153,200,24,0.9496771693229675,0.2778559923171997,,HuggingFaceTB/SmolVLM-Instruct,caption_medium,"The image displays a variety of scenes captured in an interior space with a modern aesthetic. 

### Main Subject
- A young woman is seen posing for multiple photos against the wooden floor, surrounded by various furniture pieces. Her hair appears long and flowing around her shoulders, with a slight wave at the front. She wears what seems like a striped sweater and jeans. She holds a small object, possibly a phone, close to her waist while making various hand gestures and poses. 

### Scenes and Objects Surrounding Her
1. **Background**: In the background, there are several tables and chairs placed on the wooden flooring. On one table, we can see books or magazines. There is also a dark red wall and some decorations or accessories hanging.
2. **Furniture**: To the left side of the woman, there is a black leather chair positioned near the edge of the room. Beside it, there are two more chairs—one regular, another one that looks similar"
indoor_154,200,24,0.9442686438560486,0.27941015362739563,,HuggingFaceTB/SmolVLM-Instruct,caption_medium,"The image is a full panoramic shot of a large conference room filled with people. In the center foreground, there are two men seated at a long table covered with papers, one wearing a dark suit jacket and light shirt while the other wears a red blazer over a black top. Both have serious expressions on their faces and appear to be engaged in conversation. 

To the left side of this central section, several rows of chairs face towards the speaker's podium, which is positioned on an elevated platform with a screen behind it displaying various images including graphs and charts. A small table with documents sits before the podium, suggesting some form of presentation material for the ongoing event.

Around these rows of chairs, attendees fill the entire room; they wear formal attire, indicating either professional or academic settings. Some individuals are leaning forward, engrossed in listening intently, whereas others seem more relaxed. There are additional smaller tables set up along the sides of the room where other attendees may be seated, creating"
indoor_155,120,24,0.863512396812439,0.4008868336677551,,HuggingFaceTB/SmolVLM-Instruct,caption_medium,"The image is a wide panoramic shot of an event held inside a modern building with an ornate curved ceiling and marble floor. There are several people present, including a man dressed in dark clothing kneeling on the floor and holding a camera while standing near two poles. Other people are scattered around the area, some sitting at tables and others talking among themselves. In the background, there is a large screen with bright lights behind it, suggesting that there may be live coverage happening from this event. The architectural features include archways, columns, and possibly more tables or seating arrangements, which indicate a formal gathering."
indoor_156,141,24,0.9551181197166443,0.3093704879283905,,HuggingFaceTB/SmolVLM-Instruct,caption_medium,"The image is a full 360-degree panorama of an art gallery with several people standing around in the foreground and middle ground. The background consists of elaborate white fabric decorations while the floor appears light blue. The structure seems to have several rooms interconnected by hallways lit by small spotlights hanging on the ceiling. People are wearing casual winter clothing, possibly including coats or jackets and scarves. They appear to be engaged in conversation or observing something in front of them. There are also some lights positioned at different heights along the walls, illuminating parts of the scene. One person stands out due to their position near the center; they seem to be taking photographs or looking down at something below them."
indoor_157,200,24,0.9790005087852478,0.45073017477989197,,HuggingFaceTB/SmolVLM-Instruct,caption_medium,"The image depicts a camping scene inside a tent. The tent appears to be an open structure with a single entrance, likely intended for accessing the sleeping area at the top of the tent. Inside the tent, there are two men engaged in various activities related to camping. 

On the left side of the image, there is a man wearing a brown hat and dark clothing, standing near a large backpack. His posture suggests he might be preparing something, possibly attaching or adjusting the contents of his bag, which includes what seems to be a backpack or similar container. On the ground around him, there is some debris indicating recent use, including dried leaves and twigs. These materials suggest this location could be a campsite.

In the center of the tent, another man sits on a pile of sleeping bags and blankets, looking down towards his right. He wears a light blue jacket, a dark beanie, and is holding a small object that resembles a flashlight or a portable torch. The sleeping bag"
indoor_158,200,24,0.9295475482940674,0.5797333121299744,,HuggingFaceTB/SmolVLM-Instruct,caption_medium,"The image is a panoramic photograph taken inside of a dining room. There are several rows of tables with people sitting around them, engaged in conversation, eating, drinking, and enjoying their meal. 

The tables are arranged along the walls of the room, which features wooden flooring and a dark-colored interior. The ceiling is black with recessed lighting, giving it an elegant and contemporary look. 

In front of each table there is at least one person seated. They are mostly older individuals dressed casually yet comfortably. Some are wearing jackets and others have coats draped over their shoulders.

There are windows at the back of the room with small panes allowing light into the space. On one side of the room is a counter with a cash register and miscellaneous items on it. Behind the counter is another window looking out onto the street.

Behind the people, there are paintings and posters mounted on the wall. One large poster reads ""CUPCAKE CLUB"
indoor_159,68,24,0.9491605162620544,0.4874928593635559,,HuggingFaceTB/SmolVLM-Instruct,caption_medium,This is a picture of the inside of a motorcycle shop. The seats are white leather with quilted diamond stitching patterns on them. Through the window in the back you can see a red motorcycle parked in front of a building. There are several other motorcycles and cars parked outside as well as a bunch of bikes hanging up behind the glass windows.
indoor_16,200,24,0.9680201411247253,0.4831703007221222,,HuggingFaceTB/SmolVLM-Instruct,caption_medium,"The image depicts a dining room at a restaurant. There is a large open space with several wooden tables arranged for customers. Each table has four chairs, allowing seating for up to eight people per table. Some tables are occupied by patrons who appear to be engaged in conversation or enjoying their meals. The chairs are mostly brown with cushions on them, providing comfort and warmth for the diners. 

The dining room also features an elegant display of pastries and other bakery items in a glass case near the entrance. This indicates that the establishment may offer dessert options as well. The decor includes warm colors like orange, red, and brown, which suggest a cozy atmosphere suitable for leisurely dining experiences.

The ceiling is decorated with ornate chandeliers and white crown molding, adding to the refined ambiance. These lights provide soft lighting that helps create a welcoming environment, enhancing the overall aesthetic appeal of the dining area. The walls are painted in warm tones, primarily orange, giving the impression of warmth"
indoor_160,19,24,0.6798824667930603,0.4924095869064331,,HuggingFaceTB/SmolVLM-Instruct,caption_medium,"A store has many items on display including Route 66 signs, hats, and clothing."
indoor_161,139,24,0.9259266257286072,0.2665696144104004,,HuggingFaceTB/SmolVLM-Instruct,caption_medium,"The image is a 360-degree view of a coffee shop. There are several people standing near a counter in front of the camera. Two women stand together on the left side, one wearing a green t-shirt with text reading ""RESPECT"" on it while holding her phone. Another woman stands further back by herself near the center of the frame, looking directly at the camera. On the right side, there is a man talking to someone behind him who has their back turned. The interior of the coffee shop includes brick walls, wooden counters, and glass windows showing trees outside. There is also an electronic menu board on the wall and other decorations hanging around the space."
indoor_162,61,24,0.8506693840026855,0.30401715636253357,,HuggingFaceTB/SmolVLM-Instruct,caption_medium,"This is a panoramic shot of the Wal's Fine Art Gallery. There are many different artworks hanging on the walls, including paintings and sculptures. The gallery has been designed in a way that gives visitors an experience as if they were walking through a real art museum. The floor is polished wood which reflects light."
indoor_163,200,24,0.9642416834831238,0.30436238646507263,,HuggingFaceTB/SmolVLM-Instruct,caption_medium,"The image displays a wide-angle panorama of an indoor motorcycle showroom. The garage is large and well-lit, with multiple motorcycles displayed throughout. A few cars are also visible through a glass window on the right side of the image, including a blue pickup truck and at least two sedans. The motorcycles are mostly Harley-Davidson brand, and some are red while others are silver or black. There are several different models and types of motorcycles present, indicating it's a diverse collection. The motorcycles appear clean and well-maintained, suggesting they are in good condition.

The interior design includes metal beams forming curved shapes over the ceiling and large windows along one side, letting natural light into the space. Several lights hang from the ceiling, providing illumination for the display area. There appears to be a section of red fabric hanging from the roof, likely used as a backdrop or decoration. 

On the left side of the image, there are several parked motorbikes neatly"
indoor_164,200,24,0.9799882769584656,0.48846885561943054,,HuggingFaceTB/SmolVLM-Instruct,caption_medium,"The image displays a spacious indoor motorcycle repair facility with multiple motorcycles parked neatly in rows, each on individual stands. The motorcycles are of various sizes and models, indicating they belong to different brands and purposes. The interior space is well-lit, suggesting it is organized for efficient maintenance and servicing activities. The floor is made of concrete with yellow lines marking parking spaces and pathways. There are several large garage doors leading into open areas where more motorcycles are likely parked or being serviced.

In one corner, there is a black and red sign hanging from the ceiling, reading ""MARLBORO,"" which is likely the name of the brand represented by some or all of the motorcycles present. This branding indicates that this location may deal primarily with either Harley-Davidson bikes or other branded ones. A couple of additional signs can also be seen on poles, although their exact details are not clear enough to decipher. 

The lighting fixtures attached to the ceiling are long, cylindrical, and appear"
indoor_165,85,24,0.9635379314422607,0.39340147376060486,,HuggingFaceTB/SmolVLM-Instruct,caption_medium,"The image is a 360-degree panoramic photograph taken inside a large, colorful church with stained glass windows on all sides of the room. The walls and ceiling are made of yellow plaster and feature intricate geometric designs. The floor is red and textured like marble or polished concrete. There are several rows of blue cushioned seats facing a central stage, which is decorated with a red square structure topped by an orange flame."
indoor_166,104,24,0.9644898176193237,0.20821613073349,,HuggingFaceTB/SmolVLM-Instruct,caption_medium,"The interior of a large home is shown in a 360-degree panoramic view. The floor appears to have tile and carpeting with patterns resembling leaves, flowers, vines, and other foliage. There are many windows and doors throughout the room. A desk made of marble is near the entrance on the left side of the image, which also has a potted plant on it. The walls are painted yellow, cream, and white, and there are paintings, sculptures, and other decorative objects on the walls."
indoor_167,91,24,0.9514114260673523,0.3112242519855499,,HuggingFaceTB/SmolVLM-Instruct,caption_medium,"The image is a panoramic shot of a large, empty hall with high ceilings supported by wooden beams. The walls are paneled with dark wood and the floor features a checkered pattern with black and tan tiles. In the background, there are tall windows with wooden frames and arched glass panes. At the far end of the hall is a wide doorway leading to another room or space. There are several tables and chairs arranged neatly throughout the hall."
indoor_168,160,24,0.942464292049408,0.384032279253006,,HuggingFaceTB/SmolVLM-Instruct,caption_medium,"The image is a full-length stereoscopic view of a bar inside a building. There are multiple sections of the bar, including a partial view of the entrance on the left side with glass windows displaying liquor bottles on shelves behind them. In the background, there are several people standing near the counter. A man wearing a black shirt and red apron stands at the counter, talking to two other individuals who appear to be patrons. Behind him, there are more patrons sitting around tables enjoying drinks. Several racks hang on the walls, some of which hold clothing items bearing different logos such as King Calaliva. On the right side, a woman wears a black top, leaning against the wall near a few shirts. The ceiling features recessed lighting, and there are numerous light fixtures hanging from above."
indoor_169,201,24,0.9684072136878967,0.24931028485298157,,HuggingFaceTB/SmolVLM-Instruct,caption_medium,"The image is a full 360-degree panorama of an abandoned dormitory room, likely belonging to a college or university student. The room appears to have been used for various purposes over time, including as a dressing room and perhaps also as a living space.

The room has several notable features:

1. **Dressing Room**:
   - There are two sets of chairs in front of a vanity table with mirrors. These chairs appear old and worn out, suggesting they were used frequently but may now be discarded or covered with personal items.
   
2. **Salon Area**:
   - The vanity table contains various hair styling tools such as curling irons, flatirons, and bottles of hairspray. This suggests it was once used for styling hair on campus.
   
3. **Personal Items**:
   - Various personal items are scattered around the room, including books, clothing, toiletries, and even some trash. This indicates someone had lived in this"
indoor_17,199,24,0.9666830897331238,0.4356294274330139,,HuggingFaceTB/SmolVLM-Instruct,caption_medium,"The image depicts a wide indoor shot of what appears to be a restaurant or cafe establishment. There are several areas shown within the scene. 

In one corner of the image, there is a large seating area with tables and chairs arranged for dining. The tables have place settings including plates, bowls, glasses, and napkins. There is a table near the bottom center of the image on which a person is sitting with their back to the camera. They are wearing a plaid shirt and appear to be working on something electronic, possibly a laptop or tablet. A cat rests on the floor next to this person. 

To the right side of this seating area, there's another seating area adjacent to a cold storage room. This section includes glass display cases and refrigerated racks filled with food items, such as meat products like steaks or sausages. One sign nearby indicates it’s a Bookewn location. The ceiling lights above this section are also bright and modernistic."
indoor_170,176,24,0.9447259902954102,0.3098174035549164,,HuggingFaceTB/SmolVLM-Instruct,caption_medium,"The image is a full 360° panorama of a bar, with two bartenders and patrons standing around it. The scene is decorated with red leather chairs and an orange draped ceiling. The floor appears carpeted, and there are archways and small windows along the sides of the room. There is a wooden bar counter with stools. On the countertop are many bottles of liquor, including ""Mézzaloro"" brandy, ""Gresimo"" liqueur, and ""Maltazza"" coffee liqueur among others. Two men stand near the bar; one in dark clothing works as a bartender while the other wears a black shirt and stands next to a man with a laptop. Behind them, a customer sits at another table. The lighting is dim and warm, with lights directed downward into the space."
indoor_171,200,24,0.944815456867218,0.3235342800617218,,HuggingFaceTB/SmolVLM-Instruct,caption_medium,"The image depicts a lively indoor carousel with various brightly colored and intricately designed horses and ponies. It appears to be located at an amusement park or fairground due to the presence of colorful decorations, numerous people riding the rides, and a lush green lawn and trees in the background. 

At the forefront of the image, there are several children and adults riding on the white and gray horse models. These figures have different facial expressions, suggesting enjoyment and excitement as they ride the spinning toy. One child is particularly close to the camera lens, which has slightly distorted her appearance but still shows her smiling face.

The carousel itself is well-lit by multiple bright lights that create a cheerful atmosphere. The canopy above features intricate patterns and designs, adding to the vibrant aesthetic. There is also what seems like an elephant model positioned near the bottom left corner, making it appear whimsical and charming.

In the background, a few other riders can be seen enjoying their time on"
indoor_172,181,24,0.9394425749778748,0.30889347195625305,,HuggingFaceTB/SmolVLM-Instruct,caption_medium,"The image is a 360-degree panorama of a carnival. The foreground shows two children sitting on white horse-shaped ride toys in front of an eye-level view showing many other riders around them on the carousel. They are smiling and embracing each other while sitting on their toy horses with their legs outstretched towards the camera. Behind them are several other people riding similar rides as well as some adults standing near the edge of the platform looking at the scene. There are also people walking past the rides through the center of the image. In the background is a colorful tent structure with red, blue, and white stripes along its top and sides, and more lights hanging from the wooden beams under it. Trees can be seen beyond the tents in the distance, and the sky looks overcast. The image captures a lively and crowded atmosphere typical of amusement parks during fair season."
indoor_173,118,24,0.926085352897644,0.30136919021606445,,HuggingFaceTB/SmolVLM-Instruct,caption_medium,"The image is a 360-degree panoramic view of a carousel at an amusement park. It appears to be daytime based on the lighting inside the ride. The ride features multiple rows of colorful horses and other animals mounted on poles which are arranged in a circle around a central point. Some people can be seen sitting on these rides. The walls surrounding the area are decorated with painted clouds and arches with lights above them. The ceiling of the ride has a striped pattern, with blue ropes hanging down below it. There is also a fence outside of the ride surrounded by greenery."
indoor_174,200,24,0.9475982785224915,0.36241593956947327,,HuggingFaceTB/SmolVLM-Instruct,caption_medium,"The image depicts a subway platform with several people waiting for a train. In the foreground, there are two hands, presumably belonging to the photographer or someone else. The platform itself is made of metal with a rubberized floor, featuring horizontal grooves designed to prevent slips and falls.

To the left, we can see a small child in a pink dress. She appears to be looking towards something on her right (the direction she is facing). A woman in a blue shirt and white hat is standing beside her. To their right, there’s another adult wearing black, possibly carrying a bag. This person seems to have stopped by the platform as they look at the train.

On the far left of the image, several other individuals stand near the wall, all dressed in casual clothing appropriate for city commuters. Some appear to be chatting amongst themselves while others seem focused on the train arriving at the station. 

The train itself is large, primarily grey and red in color. It"
indoor_175,73,24,0.9075697660446167,0.19937847554683685,,HuggingFaceTB/SmolVLM-Instruct,caption_medium,"The image is a 360-degree perspective of a shopping mall with various stores. The focal point of the image is the entrance of a store called ""Honolulu Coffee"" on the top left corner. The entrance is adjacent to a dark area where several people are walking towards the camera. The floor is tiled white with black walls and ceiling lights."
indoor_176,200,24,0.9780356884002686,0.2918446362018585,,HuggingFaceTB/SmolVLM-Instruct,caption_medium,"The image displays a first-person point of view inside a large hotel room with a partial 360° panorama. The interior is modern and spacious with white walls and polished marble floors. There are several beds in the room, some empty while others are covered with white bedding and pillows. A woman stands near the center of the frame, holding her red bag and wearing a light blue shirt and dark pants. She appears to be walking towards one of the beds and looking into the camera. 

Further back, another woman sits on one of the beds facing away from the camera, partially covering herself with a pink blanket. Her legs appear to be bare. On the other side of the bed there are two small chairs with matching lamps and cushioned seating. Behind this section of the bed is another window with long cream curtains pulled back to reveal more of the city outside. To the left of the frame is an open doorway leading to another part of the hotel room. There are bags,"
indoor_177,200,24,0.967344343662262,0.45958831906318665,,HuggingFaceTB/SmolVLM-Instruct,caption_medium,"The image depicts a modern airport lounge area with a seating arrangement of multiple comfortable armchairs arranged around a central coffee table. The chairs are upholstered in soft fabric and come in various colors, including red and pink. Some of the chairs have high backrests and armrests, while others appear more casual and minimalistic. 

In the background, there is a partial view of another person sitting on one of the chairs in a different room, indicating that this is an open-plan space. There are several other people visible throughout the scene, some standing at the counter or seated on other chairs, suggesting it might also serve as a check-in area for passengers waiting for their flights. 

The floor is carpeted and appears clean, which contributes to a warm and inviting atmosphere. The walls are painted white and decorated with decorative items such as wooden panels, circular lights, and curved architectural elements. There is a skylight above the seating area, providing natural light"
indoor_178,200,24,0.9385828971862793,0.35237687826156616,,HuggingFaceTB/SmolVLM-Instruct,caption_medium,"The image shows a perspective view of an airplane cabin interior. The seats are arranged horizontally, with passengers seated across from each other. The walls of the cabin are paneled in a light color, possibly white or off-white, with overhead lighting fixtures embedded into the ceiling. A number of screens for entertainment purposes are located above each seat.

In one section, we observe two people dining together in what appears to be first class. A woman is seated on the right side with her hands holding food items close to her chest. She has short hair and is wearing a blue shirt, along with a black necklace and a bracelet on her left wrist. Her expression seems calm, focusing intently on what she's eating. On the opposite end of the plane, a man with glasses is sitting next to the woman; his arm slightly extends towards the camera, indicating he may also be partaking in the meal.

Several serving trays can be seen on both sides of the scene, which includes"
indoor_179,200,24,0.9399837255477905,0.3205851912498474,,HuggingFaceTB/SmolVLM-Instruct,caption_medium,"The image shows a modern living room with expansive views of the exterior. The room features hardwood floors, high ceilings, and large windows. The furnishings are contemporary and include an intricately carved fireplace with a curved mantel, a semi-circular sofa, several chairs, and a coffee table with a glass base. 

The walls are decorated with various pieces of art, including paintings, vases, and sculptures. A large window with a sheer curtain overlooks a green landscape, showing trees and possibly a lake, as well as part of the building's terrace. The terrace has outdoor furniture arranged on it, which includes cushioned seating and possibly a dining area. There is also a glimpse of an indoor kitchen.

There are no people present in the image, but there are potted plants near the fireplace, indicating that greenery plays a role in the design of this space. The lighting appears natural, suggesting that the sun is either setting or rising outside. 

Given these details"
indoor_18,200,24,0.9539598822593689,0.23264528810977936,,HuggingFaceTB/SmolVLM-Instruct,caption_medium,"The image is a 360-degree panorama of what appears to be a restaurant. It shows several areas within the establishment. In the center foreground is the dining area with bright red chairs and black-and-white checkered floor tiles. There are tables in this area, some of which have white dishes and silverware on them. A person's legs can be seen lying down on one of these tables. On the left side of the frame, there is an elevated view of another part of the building. This area features green plants, as well as more chairs in the same color scheme as those around the central dining area. Several lights hang above this section of the restaurant from metal poles. To the right of this area, further back in the distance, there are other areas that appear less populated. These parts include more brightly lit seating and possibly additional dining tables with people sitting at them. A woman wearing a blue shirt faces away from the camera towards another person who is speaking"
indoor_180,103,24,0.9455655813217163,0.4722060561180115,,HuggingFaceTB/SmolVLM-Instruct,caption_medium,"The image is a wide-angle view of a 360-degree corridor with people walking down it, some of whom are wearing backpacks and others who appear to be waiting at the entrance. The walls on both sides are curved metal surfaces painted white, and there's a handrail along one side, which leads towards an open doorway where more people can be seen. A blue sign above the doorway indicates it is ""Monsters, Inc."" There are also several ceiling lights installed throughout the corridor area."
indoor_181,133,24,0.8646203279495239,0.2841509282588959,,HuggingFaceTB/SmolVLM-Instruct,caption_medium,"This is a photograph taken by a person lying down with their head towards the bottom of the frame. The top half of the image shows the inside of what appears to be a Disney-themed building, likely an attraction like Toy Story Hotel. The scene features many colorful painted murals on the walls depicting various Disney characters, including Cinderella, Snow White, Alice, Belle, and Peter Pan. These are large illustrations set against ornate backdrops in muted pastel colors. In front of these murals, there are several people standing and walking around, possibly tourists or visitors. There is also a chandelier hanging from the ceiling which has intricate designs and lighting fixtures."
indoor_182,200,24,0.8949785828590393,0.30772489309310913,,HuggingFaceTB/SmolVLM-Instruct,caption_medium,"The image depicts a scene inside what appears to be a restaurant with an extensive dining area. There are several people sitting around round tables, all engaged in conversation or enjoying their meals. The tables are covered with white paper placemats, which are common in Japanese restaurants for easy cleanup. On each table, there is a small potted plant, likely used for decoration, placed at the center of the table. These plants often help maintain the air quality in the dining area through photosynthesis. 

The atmosphere seems lively, as many people appear to be talking and laughing together. The background includes a large window on one side of the room, showing blue skies and possibly some trees outside, indicating it's daytime. Additionally, several lights can be seen mounted on the walls, providing ambient lighting to the room.

At the center of the image, there are two people who seem to be part of the group; one person is wearing glasses and another has short hair. They are engaging in a discussion"
indoor_183,200,24,0.9266425967216492,0.26893410086631775,,HuggingFaceTB/SmolVLM-Instruct,caption_medium,"The image is a 360-degree photograph taken inside a restaurant with several people sitting around a long table at the center of the image. In the front row of the picture there are six individuals seated next to one another looking toward the camera. This person on the left side of the photo has a bald head, black glasses, a light blue shirt, and an orange sweater vest while also wearing a watch. To his right there is a man who has short gray hair, wears a white button down collared shirt, dark red pants, and a white Nike sneaker on his foot. He is holding chopsticks up to his mouth and seems to be speaking or talking as he looks towards the camera. Seated across from him is a young girl with short brown hair, she appears to be wearing a pink top, black jacket, and white skirt. She is also holding chopsticks facing downward toward her plate. Next to this girl sits a boy who is taller than the others and"
indoor_184,203,24,0.9830982685089111,0.33373814821243286,,HuggingFaceTB/SmolVLM-Instruct,caption_medium,"The image is a photorealistic 3D rendering of an interior space, likely depicting a house kitchen with dining area. 

**Objects Present:** 

1. **Kitchen**:
   - Wooden cabinets with white appliances like a fridge and microwave on top of them.
   - A sink which appears to be under a window.
   - A coffee maker on the counter.
   - Some storage containers in the upper cabinet.

2. **Dining Area**:
   - Large wooden table with chairs surrounding it.
   - A man standing at the edge of the table, holding what seems like a smartphone.
   - Another person sitting down at another end of the table also engrossed in his device.

3. **Living Room/Hallway**:
   - An open doorway leading into another room.
   - A clock mounted to the wall.
   - A decorative item hanging near the entrance door.
   
4. **Windows**:
   - One large window on the left side of the"
indoor_185,115,24,0.8695326447486877,0.1783258616924286,,HuggingFaceTB/SmolVLM-Instruct,caption_medium,"The image is a panoramic view of an airplane cabin. It shows several rows of seats with passengers seated. The seating arrangement has two seats on each side with small windows providing views outside. There are people wearing headphones, indicating they may be using their devices during the flight. Some passengers appear to be interacting with one another, while others seem to be engaged in conversation. The lighting inside the cabin suggests it is daytime. The overhead bins are closed, and no luggage appears to be visible near them. The overall atmosphere seems calm and relaxed as passengers appear focused on their personal activities."
indoor_186,200,24,0.9323461651802063,0.32032525539398193,,HuggingFaceTB/SmolVLM-Instruct,caption_medium,"The image displays a full 360-degree view of an interior scene on a bus, likely a passenger transport vehicle such as a trolleybus. The details provided include multiple rows of seats and passengers seated in various positions, some standing near the door while others are sitting down. 

**Main Components:**
1. **Seats:**
   - There is a mix of blue and gray seats arranged in rows.
   - Most seats have white cloth covers with yellow patterns.
   - Some seats appear empty or without occupants.
   - One seat at the front has a backpack placed on it.
   
2. **Passengers:**
   - There are several individuals aboard, including a woman in a black dress holding a small bag.
   - Another woman, wearing a brown top, is kneeling by another seat, possibly helping someone hold their hair.
   - A man in glasses sits between two women; he is smiling.
   - Further back in the bus, there is a"
indoor_187,166,24,0.941074788570404,0.31941351294517517,,HuggingFaceTB/SmolVLM-Instruct,caption_medium,"The image shows an interior view of a commercial airplane cabin full of passengers and their luggage. The seats are arranged in rows with multiple seats in each row. The walls of the cabin have windows for natural light and visibility through the airplane. There is a ceiling with various lights. In one part of the photo there are two people standing near the top section of the plane where it appears they are helping passengers with their carry-on bags. At least four other people can be seen sitting in different seats throughout the plane. One person is reading something by their hand on the seat. A woman is holding onto some bags while standing next to several seated passengers. Several people can also be seen inside the overhead bins which contain various items including luggage. The bottom half of the image shows parts of the floor, possibly another seat area or aisle."
indoor_188,201,24,0.9026269912719727,0.31051889061927795,,HuggingFaceTB/SmolVLM-Instruct,caption_medium,"The image displays a panoramic view of a museum or other public venue, likely an aquarium given its glass structure and water tank interior. The scene is well-lit with bright lights illuminating the area, including purple light fixtures on the ceiling and green light along the walkway.

### Scene Analysis:
1. **Exterior**:
   - People are walking down a curved walkway with large windows surrounding them, providing access to the underwater exhibits below.
   - There is a partial reflection of the people on the floor below.
   - The exterior includes multiple support columns around the perimeter.
   - The bottom left corner features a carpeted floor, while the rest of the flooring appears to be a dark tile.

2. **Interior**:
   - Inside the building, there's a tall fish tank with clear glass walls, showcasing marine life swimming within it.
   - The interior design uses modern architectural elements, such as angular shapes and contemporary lighting installations.
   - There are also rows of"
